s00000025908001,https://monster-survival.com/
s00000025908001,https://monster-survival.com/attribute/
s00000025908001,https://monster-survival.com/attribute/fire/
s00000025908001,https://monster-survival.com/attribute/grass/
s00000025908001,https://monster-survival.com/attribute/rock/
s00000025908001,https://monster-survival.com/attribute/thunder/
s00000025908001,https://monster-survival.com/attribute/water/
s00000025908001,https://monster-survival.com/badge-dojo/
s00000025908001,https://monster-survival.com/boss-rally/
s00000025908001,https://monster-survival.com/evolution-priority/
s00000025908001,https://monster-survival.com/friends/
s00000025908001,https://monster-survival.com/guides/
s00000025908001,https://monster-survival.com/normal-guide/
s00000025908001,https://monster-survival.com/tata-tier/
s00000025908001,https://monster-survival.com/tata/atatama/
s00000025908001,https://monster-survival.com/tata/batarisu/
s00000025908001,https://monster-survival.com/tata/birimori/
s00000025908001,https://monster-survival.com/tata/birinamazu/
s00000025908001,https://monster-survival.com/tata/biripiyo/
s00000025908001,https://monster-survival.com/tata/boruzarashi/
s00000025908001,https://monster-survival.com/tata/capibarrie/
s00000025908001,https://monster-survival.com/tata/daishell/
s00000025908001,https://monster-survival.com/tata/denjika/
s00000025908001,https://monster-survival.com/tata/denrou/
s00000025908001,https://monster-survival.com/tata/doriruu/
s00000025908001,https://monster-survival.com/tata/erekineko/
s00000025908001,https://monster-survival.com/tata/erekoon/
s00000025908001,https://monster-survival.com/tata/fugumaru/
s00000025908001,https://monster-survival.com/tata/fukurogumo/
s00000025908001,https://monster-survival.com/tata/fureebi/
s00000025908001,https://monster-survival.com/tata/fureimuji/
s00000025908001,https://monster-survival.com/tata/furuggu/
s00000025908001,https://monster-survival.com/tata/gantoru/
s00000025908001,https://monster-survival.com/tata/gaoden/
s00000025908001,https://monster-survival.com/tata/greenbee/
s00000025908001,https://monster-survival.com/tata/guuhog/
s00000025908001,https://monster-survival.com/tata/haamitora/
s00000025908001,https://monster-survival.com/tata/hanarenaishi/
s00000025908001,https://monster-survival.com/tata/hihidog/
s00000025908001,https://monster-survival.com/tata/hikaru/
s00000025908001,https://monster-survival.com/tata/hikikomoru/
s00000025908001,https://monster-survival.com/tata/himawarin/
s00000025908001,https://monster-survival.com/tata/himori/
s00000025908001,https://monster-survival.com/tata/hinyao/
s00000025908001,https://monster-survival.com/tata/kaenjack/
s00000025908001,https://monster-survival.com/tata/kenkani/
s00000025908001,https://monster-survival.com/tata/komakiri/
s00000025908001,https://monster-survival.com/tata/korokon/
s00000025908001,https://monster-survival.com/tata/korotama/
s00000025908001,https://monster-survival.com/tata/kowagaru/
s00000025908001,https://monster-survival.com/tata/kunbuu/
s00000025908001,https://monster-survival.com/tata/marushu/
s00000025908001,https://monster-survival.com/tata/matchiba/
s00000025908001,https://monster-survival.com/tata/mogurin/
s00000025908001,https://monster-survival.com/tata/mumukaba/
s00000025908001,https://monster-survival.com/tata/nekoori/
s00000025908001,https://monster-survival.com/tata/nemukurage/
s00000025908001,https://monster-survival.com/tata/nenbutsuhebi/
s00000025908001,https://monster-survival.com/tata/potakage/
s00000025908001,https://monster-survival.com/tata/pupunku/
s00000025908001,https://monster-survival.com/tata/purabi/
s00000025908001,https://monster-survival.com/tata/riifuro/
s00000025908001,https://monster-survival.com/tata/rokubuhi/
s00000025908001,https://monster-survival.com/tata/rokuju/
s00000025908001,https://monster-survival.com/tata/sabooru/
s00000025908001,https://monster-survival.com/tata/shiiparusu/
s00000025908001,https://monster-survival.com/tata/shizukuchou/
s00000025908001,https://monster-survival.com/tata/sukedako/
s00000025908001,https://monster-survival.com/tata/tafupen/
s00000025908001,https://monster-survival.com/tata/takepanda/
s00000025908001,https://monster-survival.com/tata/togegyo/
s00000025908001,https://monster-survival.com/tata/tsubaruka/
s00000025908001,https://monster-survival.com/tata/tsubutsumuri/
s00000025908001,https://monster-survival.com/tata/umimi/
s00000025908001,https://monster-survival.com/tata/yaminome/
s00000025908001,https://monster-survival.com/tata/yanzaru/
s00000025908001,https://monster-survival.com/tata/yotsubird/
s00000025908001,https://monster-survival.com/zombie-rush/
s00000018660003,https://monster-survival.com/attribute/
s00000018660003,https://monster-survival.com/attribute/fire/
s00000018660003,https://monster-survival.com/attribute/grass/
s00000018660003,https://monster-survival.com/attribute/rock/
s00000018660003,https://monster-survival.com/attribute/thunder/
s00000018660003,https://monster-survival.com/attribute/water/
s00000018660003,https://monster-survival.com/badge-dojo/
s00000018660003,https://monster-survival.com/beginner-guide/
s00000018660003,https://monster-survival.com/boss-rally/
s00000018660003,https://monster-survival.com/evolution-priority/
s00000018660003,https://monster-survival.com/friends/
s00000018660003,https://monster-survival.com/guides/
s00000018660003,https://monster-survival.com/normal-guide/
s00000018660003,https://monster-survival.com/tata-tier/
s00000018660003,https://monster-survival.com/tata/atatama/
s00000018660003,https://monster-survival.com/tata/batarisu/
s00000018660003,https://monster-survival.com/tata/birimori/
s00000018660003,https://monster-survival.com/tata/birinamazu/
s00000018660003,https://monster-survival.com/tata/biripiyo/
s00000018660003,https://monster-survival.com/tata/boruzarashi/
s00000018660003,https://monster-survival.com/tata/capibarrie/
s00000018660003,https://monster-survival.com/tata/daishell/
s00000018660003,https://monster-survival.com/tata/denjika/
s00000018660003,https://monster-survival.com/tata/denrou/
s00000018660003,https://monster-survival.com/tata/doriruu/
s00000018660003,https://monster-survival.com/tata/erekineko/
s00000018660003,https://monster-survival.com/tata/erekoon/
s00000018660003,https://monster-survival.com/tata/fugumaru/
s00000018660003,https://monster-survival.com/tata/fukurogumo/
s00000018660003,https://monster-survival.com/tata/fureebi/
s00000018660003,https://monster-survival.com/tata/fureimuji/
s00000018660003,https://monster-survival.com/tata/furuggu/
s00000018660003,https://monster-survival.com/tata/gantoru/
s00000018660003,https://monster-survival.com/tata/gaoden/
s00000018660003,https://monster-survival.com/tata/greenbee/
s00000018660003,https://monster-survival.com/tata/guuhog/
s00000018660003,https://monster-survival.com/tata/haamitora/
s00000018660003,https://monster-survival.com/tata/hanarenaishi/
s00000018660003,https://monster-survival.com/tata/hihidog/
s00000018660003,https://monster-survival.com/tata/hikaru/
s00000018660003,https://monster-survival.com/tata/hikikomoru/
s00000018660003,https://monster-survival.com/tata/himawarin/
s00000018660003,https://monster-survival.com/tata/himori/
s00000018660003,https://monster-survival.com/tata/hinyao/
s00000018660003,https://monster-survival.com/tata/kaenjack/
s00000018660003,https://monster-survival.com/tata/kenkani/
s00000018660003,https://monster-survival.com/tata/komakiri/
s00000018660003,https://monster-survival.com/tata/korokon/
s00000018660003,https://monster-survival.com/tata/korotama/
s00000018660003,https://monster-survival.com/tata/kowagaru/
s00000018660003,https://monster-survival.com/tata/kunbuu/
s00000018660003,https://monster-survival.com/tata/marushu/
s00000018660003,https://monster-survival.com/tata/matchiba/
s00000018660003,https://monster-survival.com/tata/mogurin/
s00000018660003,https://monster-survival.com/tata/mumukaba/
s00000018660003,https://monster-survival.com/tata/nekoori/
s00000018660003,https://monster-survival.com/tata/nemukurage/
s00000018660003,https://monster-survival.com/tata/nenbutsuhebi/
s00000018660003,https://monster-survival.com/tata/potakage/
s00000018660003,https://monster-survival.com/tata/pupunku/
s00000018660003,https://monster-survival.com/tata/purabi/
s00000018660003,https://monster-survival.com/tata/riifuro/
s00000018660003,https://monster-survival.com/tata/rokubuhi/
s00000018660003,https://monster-survival.com/tata/rokuju/
s00000018660003,https://monster-survival.com/tata/sabooru/
s00000018660003,https://monster-survival.com/tata/shiiparusu/
s00000018660003,https://monster-survival.com/tata/shizukuchou/
s00000018660003,https://monster-survival.com/tata/sukedako/
s00000018660003,https://monster-survival.com/tata/tafupen/
s00000018660003,https://monster-survival.com/tata/takepanda/
s00000018660003,https://monster-survival.com/tata/togegyo/
s00000018660003,https://monster-survival.com/tata/tsubaruka/
s00000018660003,https://monster-survival.com/tata/tsubutsumuri/
s00000018660003,https://monster-survival.com/tata/umimi/
s00000018660003,https://monster-survival.com/tata/yaminome/
s00000018660003,https://monster-survival.com/tata/yanzaru/
s00000018660003,https://monster-survival.com/tata/yotsubird/
s00000018660003,https://monster-survival.com/zombie-rush/
s00000018951001,https://monster-survival.com/
s00000018951001,https://monster-survival.com/attribute/
s00000018951001,https://monster-survival.com/attribute/fire/
s00000018951001,https://monster-survival.com/attribute/grass/
s00000018951001,https://monster-survival.com/attribute/rock/
s00000018951001,https://monster-survival.com/attribute/thunder/
s00000018951001,https://monster-survival.com/attribute/water/
s00000018951001,https://monster-survival.com/badge-dojo/
s00000018951001,https://monster-survival.com/beginner-guide/
s00000018951001,https://monster-survival.com/boss-rally/
s00000018951001,https://monster-survival.com/evolution-priority/
s00000018951001,https://monster-survival.com/friends/
s00000018951001,https://monster-survival.com/guides/
s00000018951001,https://monster-survival.com/tata-tier/
s00000018951001,https://monster-survival.com/tata/atatama/
s00000018951001,https://monster-survival.com/tata/batarisu/
s00000018951001,https://monster-survival.com/tata/birimori/
s00000018951001,https://monster-survival.com/tata/birinamazu/
s00000018951001,https://monster-survival.com/tata/biripiyo/
s00000018951001,https://monster-survival.com/tata/boruzarashi/
s00000018951001,https://monster-survival.com/tata/capibarrie/
s00000018951001,https://monster-survival.com/tata/daishell/
s00000018951001,https://monster-survival.com/tata/denjika/
s00000018951001,https://monster-survival.com/tata/denrou/
s00000018951001,https://monster-survival.com/tata/doriruu/
s00000018951001,https://monster-survival.com/tata/erekineko/
s00000018951001,https://monster-survival.com/tata/erekoon/
s00000018951001,https://monster-survival.com/tata/fugumaru/
s00000018951001,https://monster-survival.com/tata/fukurogumo/
s00000018951001,https://monster-survival.com/tata/fureebi/
s00000018951001,https://monster-survival.com/tata/fureimuji/
s00000018951001,https://monster-survival.com/tata/furuggu/
s00000018951001,https://monster-survival.com/tata/gantoru/
s00000018951001,https://monster-survival.com/tata/gaoden/
s00000018951001,https://monster-survival.com/tata/greenbee/
s00000018951001,https://monster-survival.com/tata/guuhog/
s00000018951001,https://monster-survival.com/tata/haamitora/
s00000018951001,https://monster-survival.com/tata/hanarenaishi/
s00000018951001,https://monster-survival.com/tata/hihidog/
s00000018951001,https://monster-survival.com/tata/hikaru/
s00000018951001,https://monster-survival.com/tata/hikikomoru/
s00000018951001,https://monster-survival.com/tata/himawarin/
s00000018951001,https://monster-survival.com/tata/himori/
s00000018951001,https://monster-survival.com/tata/hinyao/
s00000018951001,https://monster-survival.com/tata/kaenjack/
s00000018951001,https://monster-survival.com/tata/kenkani/
s00000018951001,https://monster-survival.com/tata/komakiri/
s00000018951001,https://monster-survival.com/tata/korokon/
s00000018951001,https://monster-survival.com/tata/korotama/
s00000018951001,https://monster-survival.com/tata/kowagaru/
s00000018951001,https://monster-survival.com/tata/kunbuu/
s00000018951001,https://monster-survival.com/tata/marushu/
s00000018951001,https://monster-survival.com/tata/matchiba/
s00000018951001,https://monster-survival.com/tata/mogurin/
s00000018951001,https://monster-survival.com/tata/mumukaba/
s00000018951001,https://monster-survival.com/tata/nekoori/
s00000018951001,https://monster-survival.com/tata/nemukurage/
s00000018951001,https://monster-survival.com/tata/nenbutsuhebi/
s00000018951001,https://monster-survival.com/tata/potakage/
s00000018951001,https://monster-survival.com/tata/pupunku/
s00000018951001,https://monster-survival.com/tata/purabi/
s00000018951001,https://monster-survival.com/tata/riifuro/
s00000018951001,https://monster-survival.com/tata/rokubuhi/
s00000018951001,https://monster-survival.com/tata/rokuju/
s00000018951001,https://monster-survival.com/tata/sabooru/
s00000018951001,https://monster-survival.com/tata/shiiparusu/
s00000018951001,https://monster-survival.com/tata/shizukuchou/
s00000018951001,https://monster-survival.com/tata/sukedako/
s00000018951001,https://monster-survival.com/tata/tafupen/
s00000018951001,https://monster-survival.com/tata/takepanda/
s00000018951001,https://monster-survival.com/tata/togegyo/
s00000018951001,https://monster-survival.com/tata/tsubaruka/
s00000018951001,https://monster-survival.com/tata/tsubutsumuri/
s00000018951001,https://monster-survival.com/tata/umimi/
s00000018951001,https://monster-survival.com/tata/yaminome/
s00000018951001,https://monster-survival.com/tata/yanzaru/
s00000018951001,https://monster-survival.com/tata/yotsubird/
s00000018951001,https://monster-survival.com/zombie-rush/
